[{"model": "account.user", "pk": 1, "fields": {"password": "pbkdf2_sha256$320000$ymqUh3A43vm8QIMlBDBJne$v/2/dYxFpT8h1LuwF6AiLUXgaBHphE/FSRXNTWvW1ds=", "last_login": "2022-05-18T09:40:43.236Z", "first_name": "Dean", "last_name": "Winchester", "email": "Valentine@gmail.com", "phone": "07069333024", "Active_Shipping_Address": 1, "staff": true, "admin": true, "client_status": "Seller"}}, {"model": "account.user", "pk": 2, "fields": {"password": "pbkdf2_sha256$320000$E5DZGfS3xBdOr2FLmW5XvA$QfwllwPAZNKqJZaqQByvbA1lkSBNYSoia4TQdHtqYhE=", "last_login": "2022-05-19T14:18:14.537Z", "first_name": "Sam", "last_name": "Winchester", "email": "da.valchi@gmail.com", "phone": "07069333024", "Active_Shipping_Address": 7, "staff": true, "admin": false, "client_status": "Buyer"}}, {"model": "account.user", "pk": 4, "fields": {"password": "pbkdf2_sha256$320000$tIpX9ohLFZkEwf4b9V1xCe$z840BgqWXRRpixU9PHX1DlMAxd2gx9PHCYZzRJUIxc4=", "last_login": "2022-05-19T08:46:49.414Z", "first_name": "Queen", "last_name": "Ochigbo", "email": "chi@gmail.com", "phone": "070693330244", "Active_Shipping_Address": 1, "staff": true, "admin": false, "client_status": "Buyer"}}, {"model": "account.user", "pk": 5, "fields": {"password": "pbkdf2_sha256$320000$bzehO423VjD4caCg1shiFs$U1pIzGnDldy/+cEPbe2Jhp+1SMroqLg9Jgdo/z4anas=", "last_login": "2022-05-19T08:39:37.939Z", "first_name": "John", "last_name": "Gali-A", "email": "johngalia@gmail.com", "phone": "07055260700", "Active_Shipping_Address": 4, "staff": true, "admin": false, "client_status": "Seller"}}, {"model": "account.user", "pk": 6, "fields": {"password": "pbkdf2_sha256$320000$7nOQF5KpXy50tsnYjdQ5IU$gUooKjUH/vvHRji0KtmvmswWgVeCfllfPCFFUyeWm6I=", "last_login": "2022-05-19T08:54:42Z", "first_name": "Enrico", "last_name": "Maxwell", "email": "enrico@gmail.com", "phone": "070693330244", "Active_Shipping_Address": 5, "staff": true, "admin": false, "client_status": "Seller"}}, {"model": "account.user", "pk": 7, "fields": {"password": "pbkdf2_sha256$320000$Yzdieioxql3zHc8cXY2Xao$/41Jzo8OkrYaS+7Fh+UK8BW8hwxgDlTqkxemwNruriU=", "last_login": "2022-05-19T17:04:11.790Z", "first_name": "we", "last_name": "legends", "email": "uzumaki@gmail.com", "phone": "07055260700", "Active_Shipping_Address": 6, "staff": false, "admin": false, "client_status": "Buyer"}}, {"model": "admin.logentry", "pk": 1, "fields": {"action_time": "2022-05-12T22:34:47.845Z", "user": 1, "content_type": 1, "object_id": "1", "object_repr": "Valentine@gmail.com", "action_flag": 2, "change_message": "[{\"changed\": {\"fields\": [\"Active Shipping Address\"]}}]"}}, {"model": "admin.logentry", "pk": 2, "fields": {"action_time": "2022-05-12T22:45:04.018Z", "user": 1, "content_type": 9, "object_id": "1", "object_repr": "Grains", "action_flag": 1, "change_message": "[{\"added\": {}}]"}}, {"model": "admin.logentry", "pk": 3, "fields": {"action_time": "2022-05-12T22:45:32.429Z", "user": 1, "content_type": 9, "object_id": "2", "object_repr": "Tuber", "action_flag": 1, "change_message": "[{\"added\": {}}]"}}, {"model": "admin.logentry", "pk": 4, "fields": {"action_time": "2022-05-12T22:57:37.639Z", "user": 1, "content_type": 13, "object_id": "1", "object_repr": "Rice", "action_flag": 1, "change_message": "[{\"added\": {}}]"}}, {"model": "admin.logentry", "pk": 5, "fields": {"action_time": "2022-05-13T00:55:24.819Z", "user": 1, "content_type": 1, "object_id": "3", "object_repr": "", "action_flag": 3, "change_message": ""}}, {"model": "admin.logentry", "pk": 6, "fields": {"action_time": "2022-05-13T08:27:58.957Z", "user": 1, "content_type": 9, "object_id": "3", "object_repr": "Spice", "action_flag": 1, "change_message": "[{\"added\": {}}]"}}, {"model": "admin.logentry", "pk": 7, "fields": {"action_time": "2022-05-13T09:57:00.004Z", "user": 1, "content_type": 13, "object_id": "2", "object_repr": "tumeric", "action_flag": 2, "change_message": "[{\"changed\": {\"fields\": [\"Is active\"]}}]"}}, {"model": "admin.logentry", "pk": 8, "fields": {"action_time": "2022-05-13T09:58:04.465Z", "user": 1, "content_type": 9, "object_id": "4", "object_repr": "Oil", "action_flag": 1, "change_message": "[{\"added\": {}}]"}}, {"model": "admin.logentry", "pk": 9, "fields": {"action_time": "2022-05-13T09:58:41.864Z", "user": 1, "content_type": 9, "object_id": "5", "object_repr": "Nuts", "action_flag": 1, "change_message": "[{\"added\": {}}]"}}, {"model": "admin.logentry", "pk": 10, "fields": {"action_time": "2022-05-13T09:58:57.493Z", "user": 1, "content_type": 13, "object_id": "2", "object_repr": "Tumeric", "action_flag": 2, "change_message": "[{\"changed\": {\"fields\": [\"Product name\"]}}]"}}, {"model": "admin.logentry", "pk": 11, "fields": {"action_time": "2022-05-13T10:55:00.196Z", "user": 1, "content_type": 14, "object_id": "4", "object_repr": "Vatagro-153", "action_flag": 2, "change_message": "[{\"changed\": {\"fields\": [\"Status\"]}}]"}}, {"model": "admin.logentry", "pk": 12, "fields": {"action_time": "2022-05-13T11:32:38.499Z", "user": 1, "content_type": 14, "object_id": "3", "object_repr": "Vatagro-179", "action_flag": 2, "change_message": "[{\"changed\": {\"fields\": [\"Status\"]}}]"}}, {"model": "admin.logentry", "pk": 13, "fields": {"action_time": "2022-05-13T12:35:07.831Z", "user": 1, "content_type": 14, "object_id": "2", "object_repr": "Vatagro-197", "action_flag": 2, "change_message": "[{\"changed\": {\"fields\": [\"Status\"]}}]"}}, {"model": "admin.logentry", "pk": 14, "fields": {"action_time": "2022-05-14T18:59:14.968Z", "user": 1, "content_type": 1, "object_id": "5", "object_repr": "John", "action_flag": 2, "change_message": "[{\"changed\": {\"fields\": [\"Staff\"]}}]"}}, {"model": "admin.logentry", "pk": 15, "fields": {"action_time": "2022-05-14T20:40:45.793Z", "user": 5, "content_type": 1, "object_id": "5", "object_repr": "John", "action_flag": 2, "change_message": "[{\"changed\": {\"fields\": [\"Staff\"]}}]"}}, {"model": "admin.logentry", "pk": 16, "fields": {"action_time": "2022-05-15T20:00:06.409Z", "user": 1, "content_type": 13, "object_id": "9", "object_repr": "Olive-Oil", "action_flag": 2, "change_message": "[{\"changed\": {\"fields\": [\"Is active\"]}}]"}}, {"model": "admin.logentry", "pk": 17, "fields": {"action_time": "2022-05-15T20:00:22.063Z", "user": 1, "content_type": 13, "object_id": "1", "object_repr": "Rice", "action_flag": 2, "change_message": "[{\"changed\": {\"fields\": [\"Is active\"]}}]"}}, {"model": "admin.logentry", "pk": 18, "fields": {"action_time": "2022-05-16T10:18:35.961Z", "user": 1, "content_type": 13, "object_id": "6", "object_repr": "Barley", "action_flag": 2, "change_message": "[{\"changed\": {\"fields\": [\"Product description\"]}}]"}}, {"model": "admin.logentry", "pk": 19, "fields": {"action_time": "2022-05-16T11:47:51.680Z", "user": 1, "content_type": 13, "object_id": "5", "object_repr": "Ground-nut oil", "action_flag": 2, "change_message": "[{\"changed\": {\"fields\": [\"Is active\"]}}]"}}, {"model": "admin.logentry", "pk": 20, "fields": {"action_time": "2022-05-16T11:52:20.396Z", "user": 1, "content_type": 13, "object_id": "4", "object_repr": "Pine-Nut", "action_flag": 2, "change_message": "[{\"changed\": {\"fields\": [\"Is active\"]}}]"}}, {"model": "admin.logentry", "pk": 21, "fields": {"action_time": "2022-05-16T11:53:00.673Z", "user": 1, "content_type": 13, "object_id": "7", "object_repr": "Coco-yam", "action_flag": 2, "change_message": "[{\"changed\": {\"fields\": [\"Is active\"]}}]"}}, {"model": "admin.logentry", "pk": 22, "fields": {"action_time": "2022-05-16T15:26:38.048Z", "user": 1, "content_type": 15, "object_id": "1", "object_repr": "queen", "action_flag": 2, "change_message": "[{\"changed\": {\"fields\": [\"User\"]}}]"}}, {"model": "admin.logentry", "pk": 23, "fields": {"action_time": "2022-05-16T15:29:52.721Z", "user": 1, "content_type": 1, "object_id": "4", "object_repr": "Queen", "action_flag": 2, "change_message": "[{\"changed\": {\"fields\": [\"First name\"]}}]"}}, {"model": "admin.logentry", "pk": 24, "fields": {"action_time": "2022-05-16T16:06:44.197Z", "user": 1, "content_type": 15, "object_id": "2", "object_repr": "Dean", "action_flag": 2, "change_message": "[{\"changed\": {\"fields\": [\"Review\"]}}]"}}, {"model": "admin.logentry", "pk": 25, "fields": {"action_time": "2022-05-16T16:07:03.675Z", "user": 1, "content_type": 15, "object_id": "2", "object_repr": "Dean", "action_flag": 2, "change_message": "[{\"changed\": {\"fields\": [\"Rating\"]}}]"}}, {"model": "admin.logentry", "pk": 26, "fields": {"action_time": "2022-05-16T16:07:13.682Z", "user": 1, "content_type": 15, "object_id": "1", "object_repr": "Queen", "action_flag": 2, "change_message": "[{\"changed\": {\"fields\": [\"Rating\"]}}]"}}, {"model": "admin.logentry", "pk": 27, "fields": {"action_time": "2022-05-16T17:20:34.198Z", "user": 1, "content_type": 15, "object_id": "2", "object_repr": "John", "action_flag": 2, "change_message": "[{\"changed\": {\"fields\": [\"User\"]}}]"}}, {"model": "admin.logentry", "pk": 28, "fields": {"action_time": "2022-05-16T17:21:54.161Z", "user": 1, "content_type": 15, "object_id": "3", "object_repr": "Sam", "action_flag": 2, "change_message": "[{\"changed\": {\"fields\": [\"User\"]}}]"}}, {"model": "admin.logentry", "pk": 29, "fields": {"action_time": "2022-05-16T17:22:05.814Z", "user": 1, "content_type": 15, "object_id": "3", "object_repr": "Sam", "action_flag": 2, "change_message": "[{\"changed\": {\"fields\": [\"Rating\"]}}]"}}, {"model": "admin.logentry", "pk": 30, "fields": {"action_time": "2022-05-16T17:22:32.156Z", "user": 1, "content_type": 15, "object_id": "1", "object_repr": "Queen", "action_flag": 2, "change_message": "[{\"changed\": {\"fields\": [\"Rating\"]}}]"}}, {"model": "admin.logentry", "pk": 31, "fields": {"action_time": "2022-05-16T17:22:46.129Z", "user": 1, "content_type": 15, "object_id": "2", "object_repr": "John", "action_flag": 2, "change_message": "[{\"changed\": {\"fields\": [\"Rating\"]}}]"}}, {"model": "admin.logentry", "pk": 32, "fields": {"action_time": "2022-05-16T17:23:23.205Z", "user": 1, "content_type": 15, "object_id": "2", "object_repr": "John", "action_flag": 2, "change_message": "[{\"changed\": {\"fields\": [\"Rating\"]}}]"}}, {"model": "admin.logentry", "pk": 33, "fields": {"action_time": "2022-05-16T17:23:39.892Z", "user": 1, "content_type": 15, "object_id": "3", "object_repr": "Sam", "action_flag": 2, "change_message": "[{\"changed\": {\"fields\": [\"Rating\"]}}]"}}, {"model": "admin.logentry", "pk": 34, "fields": {"action_time": "2022-05-16T17:23:54.252Z", "user": 1, "content_type": 15, "object_id": "1", "object_repr": "Queen", "action_flag": 2, "change_message": "[{\"changed\": {\"fields\": [\"Rating\"]}}]"}}, {"model": "admin.logentry", "pk": 35, "fields": {"action_time": "2022-05-16T17:25:24.615Z", "user": 1, "content_type": 15, "object_id": "1", "object_repr": "Queen", "action_flag": 2, "change_message": "[{\"changed\": {\"fields\": [\"Rating\"]}}]"}}, {"model": "admin.logentry", "pk": 36, "fields": {"action_time": "2022-05-16T17:25:40.711Z", "user": 1, "content_type": 15, "object_id": "2", "object_repr": "John", "action_flag": 2, "change_message": "[{\"changed\": {\"fields\": [\"Rating\"]}}]"}}, {"model": "admin.logentry", "pk": 37, "fields": {"action_time": "2022-05-16T17:25:53.196Z", "user": 1, "content_type": 15, "object_id": "3", "object_repr": "Sam", "action_flag": 2, "change_message": "[{\"changed\": {\"fields\": [\"Rating\"]}}]"}}, {"model": "admin.logentry", "pk": 38, "fields": {"action_time": "2022-05-16T17:34:15.923Z", "user": 1, "content_type": 13, "object_id": "8", "object_repr": "Palm-Oil", "action_flag": 2, "change_message": "[{\"changed\": {\"fields\": [\"Prod image\"]}}]"}}, {"model": "admin.logentry", "pk": 39, "fields": {"action_time": "2022-05-16T17:36:07.959Z", "user": 1, "content_type": 13, "object_id": "9", "object_repr": "Olive-Oil", "action_flag": 2, "change_message": "[{\"changed\": {\"fields\": [\"Product description\"]}}]"}}, {"model": "admin.logentry", "pk": 40, "fields": {"action_time": "2022-05-16T17:36:09.691Z", "user": 1, "content_type": 13, "object_id": "8", "object_repr": "Palm-Oil", "action_flag": 2, "change_message": "[{\"changed\": {\"fields\": [\"Product description\"]}}]"}}, {"model": "admin.logentry", "pk": 41, "fields": {"action_time": "2022-05-16T17:36:09.910Z", "user": 1, "content_type": 13, "object_id": "7", "object_repr": "Coco-yam", "action_flag": 2, "change_message": "[{\"changed\": {\"fields\": [\"Product description\"]}}]"}}, {"model": "admin.logentry", "pk": 42, "fields": {"action_time": "2022-05-16T17:36:10.065Z", "user": 1, "content_type": 13, "object_id": "5", "object_repr": "Ground-nut oil", "action_flag": 2, "change_message": "[{\"changed\": {\"fields\": [\"Product description\"]}}]"}}, {"model": "admin.logentry", "pk": 43, "fields": {"action_time": "2022-05-16T17:36:10.226Z", "user": 1, "content_type": 13, "object_id": "4", "object_repr": "Pine-Nut", "action_flag": 2, "change_message": "[{\"changed\": {\"fields\": [\"Product description\"]}}]"}}, {"model": "admin.logentry", "pk": 44, "fields": {"action_time": "2022-05-16T17:36:10.386Z", "user": 1, "content_type": 13, "object_id": "3", "object_repr": "Casava", "action_flag": 2, "change_message": "[{\"changed\": {\"fields\": [\"Product description\"]}}]"}}, {"model": "admin.logentry", "pk": 45, "fields": {"action_time": "2022-05-16T17:36:10.545Z", "user": 1, "content_type": 13, "object_id": "2", "object_repr": "Tumeric", "action_flag": 2, "change_message": "[{\"changed\": {\"fields\": [\"Product description\"]}}]"}}, {"model": "admin.logentry", "pk": 46, "fields": {"action_time": "2022-05-16T17:36:10.706Z", "user": 1, "content_type": 13, "object_id": "1", "object_repr": "Rice", "action_flag": 2, "change_message": "[{\"changed\": {\"fields\": [\"Product description\"]}}]"}}, {"model": "admin.logentry", "pk": 47, "fields": {"action_time": "2022-05-17T08:12:42.269Z", "user": 1, "content_type": 13, "object_id": "9", "object_repr": "Olive-Oil", "action_flag": 2, "change_message": "[{\"changed\": {\"fields\": [\"Store location\"]}}]"}}, {"model": "admin.logentry", "pk": 48, "fields": {"action_time": "2022-05-17T08:12:54.730Z", "user": 1, "content_type": 13, "object_id": "5", "object_repr": "Ground-nut oil", "action_flag": 2, "change_message": "[{\"changed\": {\"fields\": [\"Store location\"]}}]"}}, {"model": "admin.logentry", "pk": 49, "fields": {"action_time": "2022-05-17T08:13:07.410Z", "user": 1, "content_type": 13, "object_id": "3", "object_repr": "Casava", "action_flag": 2, "change_message": "[{\"changed\": {\"fields\": [\"Store location\"]}}]"}}, {"model": "admin.logentry", "pk": 50, "fields": {"action_time": "2022-05-17T08:13:20.894Z", "user": 1, "content_type": 13, "object_id": "8", "object_repr": "Palm-Oil", "action_flag": 2, "change_message": "[{\"changed\": {\"fields\": [\"Store location\"]}}]"}}, {"model": "admin.logentry", "pk": 51, "fields": {"action_time": "2022-05-17T08:13:38.949Z", "user": 1, "content_type": 13, "object_id": "6", "object_repr": "Barley", "action_flag": 2, "change_message": "[{\"changed\": {\"fields\": [\"Store location\"]}}]"}}, {"model": "admin.logentry", "pk": 52, "fields": {"action_time": "2022-05-17T08:13:52.744Z", "user": 1, "content_type": 13, "object_id": "1", "object_repr": "Rice", "action_flag": 2, "change_message": "[{\"changed\": {\"fields\": [\"Store location\"]}}]"}}, {"model": "admin.logentry", "pk": 53, "fields": {"action_time": "2022-05-17T08:14:37.273Z", "user": 1, "content_type": 13, "object_id": "8", "object_repr": "Palm-Oil", "action_flag": 2, "change_message": "[{\"changed\": {\"fields\": [\"Store location\"]}}]"}}, {"model": "admin.logentry", "pk": 54, "fields": {"action_time": "2022-05-17T08:18:44.993Z", "user": 1, "content_type": 11, "object_id": "4", "object_repr": "Lagos Ikpaja Branch", "action_flag": 1, "change_message": "[{\"added\": {}}]"}}, {"model": "admin.logentry", "pk": 55, "fields": {"action_time": "2022-05-17T08:20:01.292Z", "user": 1, "content_type": 13, "object_id": "10", "object_repr": "Kings Ground-Nut OIl", "action_flag": 1, "change_message": "[{\"added\": {}}]"}}, {"model": "admin.logentry", "pk": 56, "fields": {"action_time": "2022-05-17T08:20:44.169Z", "user": 1, "content_type": 13, "object_id": "4", "object_repr": "Pine-Nut", "action_flag": 2, "change_message": "[{\"changed\": {\"fields\": [\"Farmername\"]}}]"}}, {"model": "admin.logentry", "pk": 57, "fields": {"action_time": "2022-05-17T08:21:02.700Z", "user": 1, "content_type": 13, "object_id": "2", "object_repr": "Tumeric", "action_flag": 2, "change_message": "[{\"changed\": {\"fields\": [\"Farmername\"]}}]"}}, {"model": "admin.logentry", "pk": 58, "fields": {"action_time": "2022-05-17T08:21:20.569Z", "user": 1, "content_type": 13, "object_id": "9", "object_repr": "Olive-Oil", "action_flag": 2, "change_message": "[{\"changed\": {\"fields\": [\"Farmername\"]}}]"}}, {"model": "admin.logentry", "pk": 59, "fields": {"action_time": "2022-05-17T08:21:47.027Z", "user": 1, "content_type": 1, "object_id": "4", "object_repr": "Queen", "action_flag": 2, "change_message": "[{\"changed\": {\"fields\": [\"Last name\"]}}]"}}, {"model": "admin.logentry", "pk": 60, "fields": {"action_time": "2022-05-17T08:43:35.075Z", "user": 1, "content_type": 11, "object_id": "2", "object_repr": "Shoprite", "action_flag": 2, "change_message": "[{\"changed\": {\"fields\": [\"Created by\"]}}]"}}, {"model": "admin.logentry", "pk": 61, "fields": {"action_time": "2022-05-18T11:48:24.431Z", "user": 1, "content_type": 13, "object_id": "1", "object_repr": "Rice", "action_flag": 2, "change_message": "[{\"changed\": {\"fields\": [\"Inter state shipping fee\"]}}]"}}, {"model": "admin.logentry", "pk": 62, "fields": {"action_time": "2022-05-19T09:16:46.873Z", "user": 1, "content_type": 1, "object_id": "5", "object_repr": "John", "action_flag": 2, "change_message": "[{\"changed\": {\"fields\": [\"Staff\"]}}]"}}, {"model": "admin.logentry", "pk": 63, "fields": {"action_time": "2022-05-19T09:16:47.009Z", "user": 1, "content_type": 1, "object_id": "4", "object_repr": "Queen", "action_flag": 2, "change_message": "[{\"changed\": {\"fields\": [\"Staff\"]}}]"}}, {"model": "admin.logentry", "pk": 64, "fields": {"action_time": "2022-05-19T09:16:47.145Z", "user": 1, "content_type": 1, "object_id": "2", "object_repr": "Sam", "action_flag": 2, "change_message": "[{\"changed\": {\"fields\": [\"Staff\"]}}]"}}, {"model": "admin.logentry", "pk": 65, "fields": {"action_time": "2022-05-19T09:17:23.851Z", "user": 1, "content_type": 1, "object_id": "6", "object_repr": "Enrico", "action_flag": 2, "change_message": "[{\"changed\": {\"fields\": [\"Last name\", \"Staff\"]}}]"}}, {"model": "auth.permission", "pk": 1, "fields": {"name": "Can add user", "content_type": 1, "codename": "add_user"}}, {"model": "auth.permission", "pk": 2, "fields": {"name": "Can change user", "content_type": 1, "codename": "change_user"}}, {"model": "auth.permission", "pk": 3, "fields": {"name": "Can delete user", "content_type": 1, "codename": "delete_user"}}, {"model": "auth.permission", "pk": 4, "fields": {"name": "Can view user", "content_type": 1, "codename": "view_user"}}, {"model": "auth.permission", "pk": 5, "fields": {"name": "Can add log entry", "content_type": 2, "codename": "add_logentry"}}, {"model": "auth.permission", "pk": 6, "fields": {"name": "Can change log entry", "content_type": 2, "codename": "change_logentry"}}, {"model": "auth.permission", "pk": 7, "fields": {"name": "Can delete log entry", "content_type": 2, "codename": "delete_logentry"}}, {"model": "auth.permission", "pk": 8, "fields": {"name": "Can view log entry", "content_type": 2, "codename": "view_logentry"}}, {"model": "auth.permission", "pk": 9, "fields": {"name": "Can add permission", "content_type": 3, "codename": "add_permission"}}, {"model": "auth.permission", "pk": 10, "fields": {"name": "Can change permission", "content_type": 3, "codename": "change_permission"}}, {"model": "auth.permission", "pk": 11, "fields": {"name": "Can delete permission", "content_type": 3, "codename": "delete_permission"}}, {"model": "auth.permission", "pk": 12, "fields": {"name": "Can view permission", "content_type": 3, "codename": "view_permission"}}, {"model": "auth.permission", "pk": 13, "fields": {"name": "Can add group", "content_type": 4, "codename": "add_group"}}, {"model": "auth.permission", "pk": 14, "fields": {"name": "Can change group", "content_type": 4, "codename": "change_group"}}, {"model": "auth.permission", "pk": 15, "fields": {"name": "Can delete group", "content_type": 4, "codename": "delete_group"}}, {"model": "auth.permission", "pk": 16, "fields": {"name": "Can view group", "content_type": 4, "codename": "view_group"}}, {"model": "auth.permission", "pk": 17, "fields": {"name": "Can add content type", "content_type": 5, "codename": "add_contenttype"}}, {"model": "auth.permission", "pk": 18, "fields": {"name": "Can change content type", "content_type": 5, "codename": "change_contenttype"}}, {"model": "auth.permission", "pk": 19, "fields": {"name": "Can delete content type", "content_type": 5, "codename": "delete_contenttype"}}, {"model": "auth.permission", "pk": 20, "fields": {"name": "Can view content type", "content_type": 5, "codename": "view_contenttype"}}, {"model": "auth.permission", "pk": 21, "fields": {"name": "Can add session", "content_type": 6, "codename": "add_session"}}, {"model": "auth.permission", "pk": 22, "fields": {"name": "Can change session", "content_type": 6, "codename": "change_session"}}, {"model": "auth.permission", "pk": 23, "fields": {"name": "Can delete session", "content_type": 6, "codename": "delete_session"}}, {"model": "auth.permission", "pk": 24, "fields": {"name": "Can view session", "content_type": 6, "codename": "view_session"}}, {"model": "auth.permission", "pk": 25, "fields": {"name": "Can add cart", "content_type": 7, "codename": "add_cart"}}, {"model": "auth.permission", "pk": 26, "fields": {"name": "Can change cart", "content_type": 7, "codename": "change_cart"}}, {"model": "auth.permission", "pk": 27, "fields": {"name": "Can delete cart", "content_type": 7, "codename": "delete_cart"}}, {"model": "auth.permission", "pk": 28, "fields": {"name": "Can view cart", "content_type": 7, "codename": "view_cart"}}, {"model": "auth.permission", "pk": 29, "fields": {"name": "Can add cart item", "content_type": 8, "codename": "add_cartitem"}}, {"model": "auth.permission", "pk": 30, "fields": {"name": "Can change cart item", "content_type": 8, "codename": "change_cartitem"}}, {"model": "auth.permission", "pk": 31, "fields": {"name": "Can delete cart item", "content_type": 8, "codename": "delete_cartitem"}}, {"model": "auth.permission", "pk": 32, "fields": {"name": "Can view cart item", "content_type": 8, "codename": "view_cartitem"}}, {"model": "auth.permission", "pk": 33, "fields": {"name": "Can add category", "content_type": 9, "codename": "add_category"}}, {"model": "auth.permission", "pk": 34, "fields": {"name": "Can change category", "content_type": 9, "codename": "change_category"}}, {"model": "auth.permission", "pk": 35, "fields": {"name": "Can delete category", "content_type": 9, "codename": "delete_category"}}, {"model": "auth.permission", "pk": 36, "fields": {"name": "Can view category", "content_type": 9, "codename": "view_category"}}, {"model": "auth.permission", "pk": 37, "fields": {"name": "Can add shipping address", "content_type": 10, "codename": "add_shippingaddress"}}, {"model": "auth.permission", "pk": 38, "fields": {"name": "Can change shipping address", "content_type": 10, "codename": "change_shippingaddress"}}, {"model": "auth.permission", "pk": 39, "fields": {"name": "Can delete shipping address", "content_type": 10, "codename": "delete_shippingaddress"}}, {"model": "auth.permission", "pk": 40, "fields": {"name": "Can view shipping address", "content_type": 10, "codename": "view_shippingaddress"}}, {"model": "auth.permission", "pk": 41, "fields": {"name": "Can add store location", "content_type": 11, "codename": "add_storelocation"}}, {"model": "auth.permission", "pk": 42, "fields": {"name": "Can change store location", "content_type": 11, "codename": "change_storelocation"}}, {"model": "auth.permission", "pk": 43, "fields": {"name": "Can delete store location", "content_type": 11, "codename": "delete_storelocation"}}, {"model": "auth.permission", "pk": 44, "fields": {"name": "Can view store location", "content_type": 11, "codename": "view_storelocation"}}, {"model": "auth.permission", "pk": 45, "fields": {"name": "Can add supplier", "content_type": 12, "codename": "add_supplier"}}, {"model": "auth.permission", "pk": 46, "fields": {"name": "Can change supplier", "content_type": 12, "codename": "change_supplier"}}, {"model": "auth.permission", "pk": 47, "fields": {"name": "Can delete supplier", "content_type": 12, "codename": "delete_supplier"}}, {"model": "auth.permission", "pk": 48, "fields": {"name": "Can view supplier", "content_type": 12, "codename": "view_supplier"}}, {"model": "auth.permission", "pk": 49, "fields": {"name": "Can add product", "content_type": 13, "codename": "add_product"}}, {"model": "auth.permission", "pk": 50, "fields": {"name": "Can change product", "content_type": 13, "codename": "change_product"}}, {"model": "auth.permission", "pk": 51, "fields": {"name": "Can delete product", "content_type": 13, "codename": "delete_product"}}, {"model": "auth.permission", "pk": 52, "fields": {"name": "Can view product", "content_type": 13, "codename": "view_product"}}, {"model": "auth.permission", "pk": 53, "fields": {"name": "Can add order products", "content_type": 14, "codename": "add_orderproducts"}}, {"model": "auth.permission", "pk": 54, "fields": {"name": "Can change order products", "content_type": 14, "codename": "change_orderproducts"}}, {"model": "auth.permission", "pk": 55, "fields": {"name": "Can delete order products", "content_type": 14, "codename": "delete_orderproducts"}}, {"model": "auth.permission", "pk": 56, "fields": {"name": "Can view order products", "content_type": 14, "codename": "view_orderproducts"}}, {"model": "auth.permission", "pk": 57, "fields": {"name": "Can add review rating", "content_type": 15, "codename": "add_reviewrating"}}, {"model": "auth.permission", "pk": 58, "fields": {"name": "Can change review rating", "content_type": 15, "codename": "change_reviewrating"}}, {"model": "auth.permission", "pk": 59, "fields": {"name": "Can delete review rating", "content_type": 15, "codename": "delete_reviewrating"}}, {"model": "auth.permission", "pk": 60, "fields": {"name": "Can view review rating", "content_type": 15, "codename": "view_reviewrating"}}, {"model": "contenttypes.contenttype", "pk": 1, "fields": {"app_label": "account", "model": "user"}}, {"model": "contenttypes.contenttype", "pk": 2, "fields": {"app_label": "admin", "model": "logentry"}}, {"model": "contenttypes.contenttype", "pk": 3, "fields": {"app_label": "auth", "model": "permission"}}, {"model": "contenttypes.contenttype", "pk": 4, "fields": {"app_label": "auth", "model": "group"}}, {"model": "contenttypes.contenttype", "pk": 5, "fields": {"app_label": "contenttypes", "model": "contenttype"}}, {"model": "contenttypes.contenttype", "pk": 6, "fields": {"app_label": "sessions", "model": "session"}}, {"model": "contenttypes.contenttype", "pk": 7, "fields": {"app_label": "farmer", "model": "cart"}}, {"model": "contenttypes.contenttype", "pk": 8, "fields": {"app_label": "farmer", "model": "cartitem"}}, {"model": "contenttypes.contenttype", "pk": 9, "fields": {"app_label": "goods", "model": "category"}}, {"model": "contenttypes.contenttype", "pk": 10, "fields": {"app_label": "goods", "model": "shippingaddress"}}, {"model": "contenttypes.contenttype", "pk": 11, "fields": {"app_label": "goods", "model": "storelocation"}}, {"model": "contenttypes.contenttype", "pk": 12, "fields": {"app_label": "goods", "model": "supplier"}}, {"model": "contenttypes.contenttype", "pk": 13, "fields": {"app_label": "goods", "model": "product"}}, {"model": "contenttypes.contenttype", "pk": 14, "fields": {"app_label": "orders", "model": "orderproducts"}}, {"model": "contenttypes.contenttype", "pk": 15, "fields": {"app_label": "orders", "model": "reviewrating"}}, {"model": "sessions.session", "pk": "0auydfp1el7b1opandi7ux619tvd0s4a", "fields": {"session_data": ".eJxVjEEOwiAQRe_C2pCBAlKX7nuGZoYZpGpoUtqV8e7apAvd_vfef6kRt7WMW5NlnFhdlFGn340wPaTugO9Yb7NOc12XifSu6IM2Pcwsz-vh_h0UbOVbx5xtj0mIHEJgzB5MhhQ6MZmiDc4TeBs5gO1BxJ2ZIgEjCbvkOlLvDwe1ONk:1nrGAe:18TvSrQ60mwgMTOv3xzVnasv4iCAI-89Agvm8HlDloQ", "expire_date": "2022-06-01T09:40:44.742Z"}}, {"model": "sessions.session", "pk": "1wo20ip5tzfxo409s4d0s2kvj1vazzdj", "fields": {"session_data": ".eJxVjMEOwiAQRP-FsyHA2u7Wo3e_gSywSNXQpLQn47_bJj3obTLvzbyV53Upfm0y-zGpi-rU6bcLHJ9Sd5AeXO-TjlNd5jHoXdEHbfo2JXldD_fvoHAr25qALGbrrJxTtENygNAZGyRl4shIGYSgN0zEwfVmcIJmSyELIMagPl_XpTgA:1npwvd:CxD-c27uzUeT9OSiPb0odog-o26wz1Xzeb-XjfuLpA4", "expire_date": "2022-05-28T18:55:49.386Z"}}, {"model": "sessions.session", "pk": "25fxlj6clzevqon3sqotit8og77s4e60", "fields": {"session_data": ".eJxVjEEOwiAQRe_C2pCBAlKX7nuGZoYZpGpoUtqV8e7apAvd_vfef6kRt7WMW5NlnFhdlFGn340wPaTugO9Yb7NOc12XifSu6IM2Pcwsz-vh_h0UbOVbx5xtj0mIHEJgzB5MhhQ6MZmiDc4TeBs5gO1BxJ2ZIgEjCbvkOlLvDwe1ONk:1npHrK:r4onz_1wWnZugvA5SKx1__pLJJt6b86hTsZPiwKci5M", "expire_date": "2022-05-26T23:04:38.384Z"}}, {"model": "sessions.session", "pk": "2u0duwev5k0pcvh7zrvyqyokpwuvtg02", "fields": {"session_data": "e30:1ns1oW:ezqjT5zfuSvBiFns3F4PMKg8pQh0lL-j4ZKC0yMTPxc", "expire_date": "2022-06-03T12:33:04.768Z"}}, {"model": "sessions.session", "pk": "49wpga1cy66l5lmgenkowx9nt1rupxql", "fields": {"session_data": ".eJxVjMEOwiAQRP-FsyHA2u7Wo3e_gSywSNXQpLQn47_bJj3obTLvzbyV53Upfm0y-zGpi-rU6bcLHJ9Sd5AeXO-TjlNd5jHoXdEHbfo2JXldD_fvoHAr25qALGbrrJxTtENygNAZGyRl4shIGYSgN0zEwfVmcIJmSyELIMagPl_XpTgA:1nrINn:UD2c1yEymRK8jRtdWMbz2WnvHBsBdGlsl_q6CwOsi4o", "expire_date": "2022-06-01T12:02:27.580Z"}}, {"model": "sessions.session", "pk": "4uq529on03hz78w33ka8lnjhtr1rku5o", "fields": {"session_data": "e30:1nrPTh:Bs5Mpq-mvdcoO7uTMBES1Jz5bjBKPPW1diCegZvxxIc", "expire_date": "2022-06-01T19:37:01.790Z"}}, {"model": "sessions.session", "pk": "5suhwddegmkdt4cpkts6socs4ixkbmnm", "fields": {"session_data": ".eJxVjEEOwiAQRe_C2pABCkNduvcMZGCmUjVtUtqV8e7apAvd_vfef6lE21rT1mRJI6uzQnX63TKVh0w74DtNt1mXeVqXMetd0Qdt-jqzPC-H-3dQqdVvnX02JaBYRgke0LCxJBA77waDPXTk-hJM38UyuEwBI3g01gbHwACDen8AzbU22w:1nrhsB:FFedyzGT2FzfRXLZvCTVCoWO-giuCKRhtYLEuEqaPrg", "expire_date": "2022-06-02T15:15:31.743Z"}}, {"model": "sessions.session", "pk": "6co4gtcm7h26syrnsf3htw22840yzn55", "fields": {"session_data": "e30:1nrQXA:o2YSI2Ge7etL0Ev6rCscpn-nz68NMu_Te6p-8UP-lNI", "expire_date": "2022-06-01T20:44:40.515Z"}}, {"model": "sessions.session", "pk": "6mbz7oii775fkdtms4dc9pb9epizdvll", "fields": {"session_data": ".eJxVjMEOwiAQRP-FsyHA2u7Wo3e_gSywSNXQpLQn47_bJj3obTLvzbyV53Upfm0y-zGpi-rU6bcLHJ9Sd5AeXO-TjlNd5jHoXdEHbfo2JXldD_fvoHAr25qALGbrrJxTtENygNAZGyRl4shIGYSgN0zEwfVmcIJmSyELIMagPl_XpTgA:1npyYL:ZyHOQT8HQ1-Eh2WTnA7NinW139AWYFqIYvJ3rY2VuGQ", "expire_date": "2022-05-28T20:39:53.661Z"}}, {"model": "sessions.session", "pk": "7wts6eptwbb8sc37xctcru5vvryphou4", "fields": {"session_data": "e30:1nrPOY:gR8mnPDsP8lLR7dXtrRQ7H34d455TBqOikpK7MwnEA0", "expire_date": "2022-06-01T19:31:42.260Z"}}, {"model": "sessions.session", "pk": "9ho73o9uz1w3p53jdrnpez0npcjqq5yk", "fields": {"session_data": ".eJxVjMEOwiAQRP-FsyHA2u7Wo3e_gSywSNXQpLQn47_bJj3obTLvzbyV53Upfm0y-zGpi-rU6bcLHJ9Sd5AeXO-TjlNd5jHoXdEHbfo2JXldD_fvoHAr25qALGbrrJxTtENygNAZGyRl4shIGYSgN0zEwfVmcIJmSyELIMagPl_XpTgA:1nqGb2:mRYuhkQQ9eCGNH2A6JAdPy48Ewhn1xtUGHW8nL3DnWQ", "expire_date": "2022-05-29T15:55:52.783Z"}}, {"model": "sessions.session", "pk": "atgx4a9cgpf3ru6sktsryyrx55r87oco", "fields": {"session_data": ".eJxVjEEOwiAQRe_C2hCGMgVduu8ZyDBMpWpoUtqV8e7apAvd_vfef6lI21ri1mSJU1YXZdXpd0vED6k7yHeqt1nzXNdlSnpX9EGbHuYsz-vh_h0UauVbS3IgkuSMgkGwNzD2QD6DCYwMbD2x2A7RcgjGd85lSYEAeHTsLKr3B_OcN_Y:1nrgyk:cxH3OhV5rOknjBiSrbDZuu2OyOVsW4V4td3-yFC-kvA", "expire_date": "2022-06-02T14:18:14.606Z"}}, {"model": "sessions.session", "pk": "cbx3fgmgelyia19rp88pijfm9km9ur18", "fields": {"session_data": ".eJxVjMEOwiAQRP-FsyHA2u7Wo3e_gSywSNXQpLQn47_bJj3obTLvzbyV53Upfm0y-zGpi-rU6bcLHJ9Sd5AeXO-TjlNd5jHoXdEHbfo2JXldD_fvoHAr25qALGbrrJxTtENygNAZGyRl4shIGYSgN0zEwfVmcIJmSyELIMagPl_XpTgA:1nqJIC:d9EcJw-6D-YtBA839nNCT97nigihDWwT20g3iQW24fM", "expire_date": "2022-05-29T18:48:36.443Z"}}, {"model": "sessions.session", "pk": "d93bnfj500alyzd0ysvf83z0cbe7mkua", "fields": {"session_data": "e30:1nrPLk:bI8r_KgTZsiFeNRZTAa4-tHeu1Uab4lD7pKcYab5eDs", "expire_date": "2022-06-01T19:28:48.728Z"}}, {"model": "sessions.session", "pk": "die48e8ntqo08ipkki1aq3hubbwuaxxg", "fields": {"session_data": "e30:1nrhqj:eTXoGc8IURH6GTz7Pfnj7jv1JhnZeYxlkkWb6JNPwAo", "expire_date": "2022-06-02T15:14:01.140Z"}}, {"model": "sessions.session", "pk": "ecnmsiy4agjqwhsmdt8qtc1fbk1cy24a", "fields": {"session_data": ".eJxVjMsOwiAQRf-FtSHDo0BduvcbmhkGpGogKe3K-O_apAvd3nPOfYkJt7VMW0_LNLM4CytOvxthfKS6A75jvTUZW12XmeSuyIN2eW2cnpfD_Tso2Mu3psGzomwdBQQ06PUAJhtCyCl67wFJK9AMwVk16HHMSBRydszJEFjx_gDvRjhI:1npV4Q:-m67fZDIYJKlkzuXCjMi7VquWP_BF-adfYiPU1ttESg", "expire_date": "2022-05-27T13:11:02.143Z"}}, {"model": "sessions.session", "pk": "f0a2r1hox9d2bznunbf2ma6vhtpfb8so", "fields": {"session_data": "e30:1nrDNl:DCFR-1rZ2s4eZwc1Iog4EgvOKHjhxoXi4ROjCwPnePY", "expire_date": "2022-06-01T06:42:05.583Z"}}, {"model": "sessions.session", "pk": "fk0crr6ooeyeeiiy3m5hyn5qxuxf6xry", "fields": {"session_data": "e30:1nrPS1:7X84Xv8Tff30BubNFp8SB_tBsBAI33ZK7N2brSCm0E8", "expire_date": "2022-06-01T19:35:17.732Z"}}, {"model": "sessions.session", "pk": "htym84vfq6wqlgvhcym8mnqyrbd5qtri", "fields": {"session_data": "e30:1nrcMj:2I1s8Sq4_puvXRJj4kXpDGbC25PmfW1rsgbikIcTELA", "expire_date": "2022-06-02T09:22:41.002Z"}}, {"model": "sessions.session", "pk": "ikqz6qirvlbks7ez23t6ex97hioxe651", "fields": {"session_data": ".eJxVjDsOwjAQBe_iGlmbxF9Kes5grXdtHEC2FCcV4u4QKQW0b2beSwTc1hK2npYwsziLSZx-t4j0SHUHfMd6a5JaXZc5yl2RB-3y2jg9L4f7d1Cwl29tRmDvETSxjSohgNbJEutoyA2ZLUXNWTsiNKNNCvIwOfKEGLMCBPH-AP00OOQ:1npImh:NTCCTb_2y8M1ysEu2AbwBEWwTppsqEBjdzIW1ikmMUY", "expire_date": "2022-05-27T00:03:55.119Z"}}, {"model": "sessions.session", "pk": "k3ut6d2clpqv031hvw1qtxmcr2n93b1t", "fields": {"session_data": ".eJxVjEEOwiAQRe_C2hCKgI5L9z0DGWYGqRpISrsy3l2bdKHb_977LxVxXUpcu8xxYnVRQR1-t4T0kLoBvmO9NU2tLvOU9KbonXY9NpbndXf_Dgr28q09O8LsDVkYHOCR0aGVkIxk8MFLTmIJDZE9kwHPJ2tgYBBM4IAB1PsDBM84nA:1nrbvf:WK-fqmjBanjUMFltlQe9ow2LWmeS5Gz3u3BvShvPRQ4", "expire_date": "2022-06-02T08:54:43.247Z"}}, {"model": "sessions.session", "pk": "kbaxwb3d5yblostrzsuceqc41d7dg1pi", "fields": {"session_data": "e30:1nrhr1:MD8DVkbbsOOpEIznUJd_vEaazfNPcdgidRypKoX_ONs", "expire_date": "2022-06-02T15:14:19.853Z"}}, {"model": "sessions.session", "pk": "lljme1xubnu4pjwp8tvv5agnnq664dyi", "fields": {"session_data": ".eJxVjEEOwiAQRe_C2pCBAlKX7nuGZoYZpGpoUtqV8e7apAvd_vfef6kRt7WMW5NlnFhdlFGn340wPaTugO9Yb7NOc12XifSu6IM2Pcwsz-vh_h0UbOVbx5xtj0mIHEJgzB5MhhQ6MZmiDc4TeBs5gO1BxJ2ZIgEjCbvkOlLvDwe1ONk:1nrFqN:iTsXBMh2z551AR8VZp_IX9kmRTVSzc20UfULNRgAqAw", "expire_date": "2022-06-01T09:19:47.311Z"}}, {"model": "sessions.session", "pk": "oa287pdlil2pw6n0rf4r3geoecn3rw9d", "fields": {"session_data": ".eJxVjMEOwiAQRP-FsyHA2u7Wo3e_gSywSNXQpLQn47_bJj3obTLvzbyV53Upfm0y-zGpi-rU6bcLHJ9Sd5AeXO-TjlNd5jHoXdEHbfo2JXldD_fvoHAr25qALGbrrJxTtENygNAZGyRl4shIGYSgN0zEwfVmcIJmSyELIMagPl_XpTgA:1nqJMH:FfVhQIkQUCfRBBuoGKDd1HvNq36yr8XH1-Mhg502qoQ", "expire_date": "2022-05-29T18:52:49.580Z"}}, {"model": "sessions.session", "pk": "tto91jttojcoerftfq6kc76ewe133hq3", "fields": {"session_data": ".eJxVjEEOwiAQRe_C2pABCkNduvcMZGCmUjVtUtqV8e7apAvd_vfef6lE21rT1mRJI6uzQnX63TKVh0w74DtNt1mXeVqXMetd0Qdt-jqzPC-H-3dQqdVvnX02JaBYRgke0LCxJBA77waDPXTk-hJM38UyuEwBI3g01gbHwACDen8AzbU22w:1nrjZL:IJsyu_bSmC0oUWrZffbLEeWLIqnMFHI2dA9zdDzjgU8", "expire_date": "2022-06-02T17:04:11.868Z"}}, {"model": "farmer.cart", "pk": 1, "fields": {"cart_id": "25fxlj6clzevqon3sqotit8og77s4e60", "date_added": "2022-05-13T10:18:08.585Z"}}, {"model": "farmer.cart", "pk": 2, "fields": {"cart_id": "ecnmsiy4agjqwhsmdt8qtc1fbk1cy24a", "date_added": "2022-05-13T13:11:08.127Z"}}, {"model": "farmer.cart", "pk": 3, "fields": {"cart_id": "p0p3y61v2hy3wsteh2yhi8cxes7mxpo5", "date_added": "2022-05-18T08:59:13.204Z"}}, {"model": "farmer.cart", "pk": 4, "fields": {"cart_id": "0auydfp1el7b1opandi7ux619tvd0s4a", "date_added": "2022-05-18T09:52:55.468Z"}}, {"model": "farmer.cart", "pk": 5, "fields": {"cart_id": "49wpga1cy66l5lmgenkowx9nt1rupxql", "date_added": "2022-05-18T12:02:42.288Z"}}, {"model": "farmer.cart", "pk": 6, "fields": {"cart_id": "p8gsssahcruhbtxc8hyps2b48crrnljr", "date_added": "2022-05-19T08:52:56.791Z"}}, {"model": "farmer.cart", "pk": 7, "fields": {"cart_id": "5suhwddegmkdt4cpkts6socs4ixkbmnm", "date_added": "2022-05-19T15:22:03.976Z"}}, {"model": "farmer.cart", "pk": 8, "fields": {"cart_id": "5suhwddegmkdt4cpkts6socs4ixkbmnm", "date_added": "2022-05-19T15:22:07.038Z"}}, {"model": "farmer.cart", "pk": 9, "fields": {"cart_id": "5suhwddegmkdt4cpkts6socs4ixkbmnm", "date_added": "2022-05-19T17:02:53.493Z"}}, {"model": "farmer.cart", "pk": 10, "fields": {"cart_id": "tto91jttojcoerftfq6kc76ewe133hq3", "date_added": "2022-05-19T17:07:55.226Z"}}, {"model": "farmer.cart", "pk": 11, "fields": {"cart_id": "atgx4a9cgpf3ru6sktsryyrx55r87oco", "date_added": "2022-05-19T17:54:21.233Z"}}, {"model": "farmer.cartitem", "pk": 13, "fields": {"product": 1, "cart": 3, "quantity": 1, "is_active": true}}, {"model": "farmer.cartitem", "pk": 14, "fields": {"product": 6, "cart": 3, "quantity": 1, "is_active": true}}, {"model": "farmer.cartitem", "pk": 24, "fields": {"product": 9, "cart": 6, "quantity": 1, "is_active": true}}, {"model": "farmer.cartitem", "pk": 26, "fields": {"product": 7, "cart": 10, "quantity": 1, "is_active": true}}, {"model": "goods.storelocation", "pk": 1, "fields": {"name": "Roban", "states": "Ebonyi", "city": "Thinkers Corner", "created_by": 1}}, {"model": "goods.storelocation", "pk": 2, "fields": {"name": "Shoprite", "states": "Edo", "city": "Ring ROad", "created_by": 2}}, {"model": "goods.storelocation", "pk": 3, "fields": {"name": "Adidas", "states": "FCT - Abuja", "city": "Aso-Rock", "created_by": 1}}, {"model": "goods.storelocation", "pk": 4, "fields": {"name": "Lagos Ikpaja Branch", "states": "Lagos", "city": "ikeja", "created_by": 4}}, {"model": "goods.shippingaddress", "pk": 1, "fields": {"state": "Abia", "city": "umuahia", "address": "No 1 Aduwawa, Street emene", "phone": "07055260700", "is_active": true, "created_by": 1}}, {"model": "goods.shippingaddress", "pk": 2, "fields": {"state": "Cross River", "city": "New Rivers", "address": "Near river estate", "phone": "07069333024", "is_active": true, "created_by": 1}}, {"model": "goods.shippingaddress", "pk": 3, "fields": {"state": "Kaduna", "city": "kuka town", "address": "Bishop kuka estate", "phone": "08036739188", "is_active": true, "created_by": 1}}, {"model": "goods.shippingaddress", "pk": 4, "fields": {"state": "Kano", "city": "Mall Street", "address": "No 2 Mall STreet behind rice pyramids", "phone": "080367391889", "is_active": true, "created_by": 5}}, {"model": "goods.shippingaddress", "pk": 5, "fields": {"state": "Imo", "city": "ikeja", "address": "Ikeja GRA Near Airport", "phone": "08060019813", "is_active": true, "created_by": 6}}, {"model": "goods.shippingaddress", "pk": 6, "fields": {"state": "Bayelsa", "city": "river estate", "address": "1m Airport Layout", "phone": "07069333024", "is_active": true, "created_by": 7}}, {"model": "goods.shippingaddress", "pk": 7, "fields": {"state": "Benue", "city": "river estate", "address": "1m Airport Layout", "phone": "08036739188", "is_active": true, "created_by": 2}}, {"model": "goods.category", "pk": 1, "fields": {"category_name": "Grains", "slug": "grain", "cat_image": "photos/category/grains_FHc9wWt.jpg"}}, {"model": "goods.category", "pk": 2, "fields": {"category_name": "Tuber", "slug": "tuber", "cat_image": "photos/category/tubers_Cvwse5t.jpg"}}, {"model": "goods.category", "pk": 3, "fields": {"category_name": "Spice", "slug": "spice", "cat_image": "photos/category/spices_Ftf3s1a.jpg"}}, {"model": "goods.category", "pk": 4, "fields": {"category_name": "Oil", "slug": "oil", "cat_image": "photos/category/oils_8eK9Xm0.jpg"}}, {"model": "goods.category", "pk": 5, "fields": {"category_name": "Nuts", "slug": "nut", "cat_image": "photos/category/nuts_EqvQSAk.jpg"}}, {"model": "goods.product", "pk": 1, "fields": {"product_name": "Thai-Rice", "product_catgeory": 1, "store_location": 3, "measurment": "50kg Bag", "product_description": "Rice, (Oryza sativa), edible starchy cereal grain and the grass plant (family Poaceae) by which it is produced. Roughly one-half of the world population, including virtually all of East and Southeast Asia, is wholly dependent upon rice as a staple food; 95 percent of the world’s rice crop is eaten by humans. Rice is cooked by boiling, or it can be ground into a flour. It is eaten alone and in a great variety of soups, side dishes, and main dishes in Asian, Middle Eastern, and many other cuisines", "quantity": 3, "price": 6000, "intra_state_shipping_fee": "300", "inter_state_shipping_fee": "600", "prod_image": "photos/goods/rice_cdCWGA7.jpg", "stock": 54, "farmername": 1, "is_active": true, "date_time": "2022-05-12T22:57:37.638Z"}}, {"model": "goods.product", "pk": 2, "fields": {"product_name": "Tumeric", "product_catgeory": 3, "store_location": 1, "measurment": "50 Litres", "product_description": "Turmeric is a flowering plant, Curcuma longa of the ginger family, Zingiberaceae, the roots of which are used in cooking.[3] The plant is a perennial, rhizomatous, herbaceous plant native to the Indian subcontinent and Southeast Asia, that requires temperatures between 20 and 30 °C (68 and 86 °F) and a considerable amount of annual rainfall to thrive. Plants are gathered each year for their rhizomes, some for propagation in the following season and some for consumption.", "quantity": 2, "price": 7500, "intra_state_shipping_fee": "300", "inter_state_shipping_fee": "600", "prod_image": "photos/goods/turmeric_FC18Jj9.jpg", "stock": 2, "farmername": 2, "is_active": true, "date_time": "2022-05-13T09:53:14.068Z"}}, {"model": "goods.product", "pk": 3, "fields": {"product_name": "Casava", "product_catgeory": 2, "store_location": 2, "measurment": "50kg Bag", "product_description": "Cassava, (Manihot esculenta), also called manioc, mandioca, or yuca, tuberous edible plant of the spurge family (Euphorbiaceae) from the American tropics. It is cultivated throughout the tropical world for its tuberous roots, from which cassava flour, breads, tapioca, a laundry starch, and an alcoholic beverage are derived. Cassava probably was first cultivated by the Maya in Yucatán.", "quantity": 3, "price": 6500, "intra_state_shipping_fee": "300", "inter_state_shipping_fee": "600", "prod_image": "photos/goods/cassava_X0PlPsS.jpg", "stock": 1, "farmername": 1, "is_active": false, "date_time": "2022-05-13T09:55:41.788Z"}}, {"model": "goods.product", "pk": 4, "fields": {"product_name": "Pine-Nut", "product_catgeory": 5, "store_location": 1, "measurment": "25kg Bag", "product_description": "Pine nuts, also called piñón (Spanish: [piˈɲon]), pinoli (Italian: [piˈnɔːli]), or pignoli, are the edible seeds of pines (family Pinaceae, genus Pinus). According to the Food and Agriculture Organization, only 29 species provide edible nuts, while 20 are traded locally or internationally [1] owing to their seed size are large enough to be worth harvesting; in other pines, the seeds are also edible, but are too small to be of notable value as a human food", "quantity": 10, "price": 5000, "intra_state_shipping_fee": "300", "inter_state_shipping_fee": "600", "prod_image": "photos/goods/pinenut.jpg", "stock": 3, "farmername": 2, "is_active": true, "date_time": "2022-05-13T10:07:38.165Z"}}, {"model": "goods.product", "pk": 5, "fields": {"product_name": "Ground-nut Oil", "product_catgeory": 4, "store_location": 3, "measurment": "25 Litres", "product_description": "Peanut oil, also known as groundnut oil or arachis oil, is a vegetable oil derived from peanuts. The oil usually has a mild or neutral flavor[1] but, if made with roasted peanuts, has a stronger peanut flavor and aroma", "quantity": 10, "price": 6000, "intra_state_shipping_fee": "300", "inter_state_shipping_fee": "600", "prod_image": "photos/goods/groundnut_oil.jpg", "stock": 2, "farmername": 1, "is_active": true, "date_time": "2022-05-13T10:11:48.204Z"}}, {"model": "goods.product", "pk": 6, "fields": {"product_name": "Barley", "product_catgeory": 1, "store_location": 2, "measurment": "25kg Bag", "product_description": "Barley (Hordeum vulgare), a member of the grass family, is a major cereal grain grown in temperate climates globally. It was one of the first cultivated grains, particularly in Eurasia as early as 10,000 years ago.[3] Barley has been used as animal fodder, as a source of fermentable material for beer and certain distilled beverages, and as a component of various health foods. It is used in soups and stews, and in barley bread of various cultures. Barley grains are commonly made into malt in a tr", "quantity": 4, "price": 9000, "intra_state_shipping_fee": "300", "inter_state_shipping_fee": "600", "prod_image": "photos/goods/barley.jpg", "stock": 2, "farmername": 1, "is_active": false, "date_time": "2022-05-14T17:59:13.494Z"}}, {"model": "goods.product", "pk": 7, "fields": {"product_name": "Coco-Yam", "product_catgeory": 2, "store_location": 1, "measurment": "25kg Bag", "product_description": "coco yam from Kano", "quantity": 4, "price": 10000, "intra_state_shipping_fee": "300", "inter_state_shipping_fee": "600", "prod_image": "photos/goods/b5f130a0-0ca1-48f7-9eba-217ffbcbda7a.jpg", "stock": 2, "farmername": 1, "is_active": true, "date_time": "2022-05-14T18:02:56.907Z"}}, {"model": "goods.product", "pk": 8, "fields": {"product_name": "Palm-Oil", "product_catgeory": 4, "store_location": 1, "measurment": "10 Litres", "product_description": "Palm oil is an edible vegetable oil derived from the mesocarp (reddish pulp) of the fruit of the oil palms.[1] The oil is used in food manufacturing, in beauty products, and as biofuel. Palm oil accounted for about 33% of global oils produced from oil crops in 2014  Nsukka palm oil", "quantity": 34, "price": 13000, "intra_state_shipping_fee": "300", "inter_state_shipping_fee": "600", "prod_image": "photos/goods/oils.jpg", "stock": 1, "farmername": 5, "is_active": false, "date_time": "2022-05-14T18:57:30.594Z"}}, {"model": "goods.product", "pk": 9, "fields": {"product_name": "Olive-Oil", "product_catgeory": 4, "store_location": 2, "measurment": "10 Litres", "product_description": "Extra virgin olive oil", "quantity": 2, "price": 2000, "intra_state_shipping_fee": "300", "inter_state_shipping_fee": "600", "prod_image": "photos/goods/images.jpeg", "stock": 1, "farmername": 4, "is_active": true, "date_time": "2022-05-14T19:00:49.082Z"}}, {"model": "goods.product", "pk": 10, "fields": {"product_name": "Kings Ground-Nut OIl", "product_catgeory": 4, "store_location": 4, "measurment": "25 Litres", "product_description": "kings groundnut oil", "quantity": 2, "price": 4500, "intra_state_shipping_fee": "300", "inter_state_shipping_fee": "600", "prod_image": "photos/goods/bce9068d-7333-46eb-8842-59abc33b5c54.jpg", "stock": 3, "farmername": 5, "is_active": true, "date_time": "2022-05-17T08:20:01.290Z"}}, {"model": "orders.orderproducts", "pk": 1, "fields": {"user": 1, "product_name": "Rice", "location": "Ebonyi", "tracking_no": "Vatagro-135", "quantity": 1, "amount": 6000, "Transaction_date": "2022-05-13T10:39:11.307Z", "sold_by": "False", "status": "Delivered", "is_approved": false}}, {"model": "orders.orderproducts", "pk": 2, "fields": {"user": 1, "product_name": "Pine-Nut", "location": "Ebonyi", "tracking_no": "Vatagro-197", "quantity": 1, "amount": 5000, "Transaction_date": "2022-05-13T10:39:11.393Z", "sold_by": "False", "status": "Delivered", "is_approved": false}}, {"model": "orders.orderproducts", "pk": 3, "fields": {"user": 1, "product_name": "Tumeric", "location": "Ebonyi", "tracking_no": "Vatagro-179", "quantity": 1, "amount": 7500, "Transaction_date": "2022-05-13T10:39:12.481Z", "sold_by": "False", "status": "Delivered", "is_approved": false}}, {"model": "orders.orderproducts", "pk": 4, "fields": {"user": 1, "product_name": "Ground-nut oil", "location": "Ebonyi", "tracking_no": "Vatagro-153", "quantity": 1, "amount": 6000, "Transaction_date": "2022-05-13T10:39:12.561Z", "sold_by": "False", "status": "Delivered", "is_approved": false}}, {"model": "orders.orderproducts", "pk": 5, "fields": {"user": 4, "product_name": "Rice", "location": "Ebonyi", "tracking_no": "Vatagro-103", "quantity": 1, "amount": 6000, "Transaction_date": "2022-05-13T13:12:32.967Z", "sold_by": "Dean", "status": "Delivered", "is_approved": false}}, {"model": "orders.orderproducts", "pk": 6, "fields": {"user": 4, "product_name": "Ground-nut oil", "location": "Ebonyi", "tracking_no": "Vatagro-183", "quantity": 1, "amount": 6000, "Transaction_date": "2022-05-13T13:12:33.132Z", "sold_by": "Dean", "status": "Delivered", "is_approved": false}}, {"model": "orders.orderproducts", "pk": 7, "fields": {"user": 4, "product_name": "Rice", "location": "Ebonyi", "tracking_no": "Vatagro-143", "quantity": 4, "amount": 24000, "Transaction_date": "2022-05-13T13:36:12.156Z", "sold_by": "Dean", "status": "Delivered", "is_approved": false}}, {"model": "orders.orderproducts", "pk": 8, "fields": {"user": 4, "product_name": "Tumeric", "location": "Ebonyi", "tracking_no": "Vatagro-101", "quantity": 4, "amount": 30000, "Transaction_date": "2022-05-13T13:51:45.131Z", "sold_by": "Dean", "status": "Delivered", "is_approved": false}}, {"model": "orders.orderproducts", "pk": 9, "fields": {"user": 4, "product_name": "Casava", "location": "Ebonyi", "tracking_no": "Vatagro-153", "quantity": 1, "amount": 6500, "Transaction_date": "2022-05-13T13:57:35.543Z", "sold_by": "Dean", "status": "Delivered", "is_approved": false}}, {"model": "orders.orderproducts", "pk": 10, "fields": {"user": 1, "product_name": "Rice", "location": "Ebonyi", "tracking_no": "Vatagro-103", "quantity": 4, "amount": 24000, "Transaction_date": "2022-05-14T18:21:11.694Z", "sold_by": "Dean", "status": "Delivered", "is_approved": false}}, {"model": "orders.orderproducts", "pk": 11, "fields": {"user": 1, "product_name": "Casava", "location": "Ebonyi", "tracking_no": "Vatagro-122", "quantity": 1, "amount": 6500, "Transaction_date": "2022-05-14T18:21:11.921Z", "sold_by": "Dean", "status": "Packaged", "is_approved": false}}, {"model": "orders.orderproducts", "pk": 12, "fields": {"user": 1, "product_name": "Ground-nut oil", "location": "Ebonyi", "tracking_no": "Vatagro-140", "quantity": 1, "amount": 6000, "Transaction_date": "2022-05-14T18:21:12.003Z", "sold_by": "Dean", "status": "Awaiting Packaging", "is_approved": false}}, {"model": "orders.orderproducts", "pk": 13, "fields": {"user": 1, "product_name": "Rice", "location": "FCT - Abuja", "tracking_no": "Vatagro-198", "quantity": 1, "amount": 6000, "Transaction_date": "2022-05-18T10:08:24.105Z", "sold_by": "Dean", "status": "Packaged", "is_approved": false}}, {"model": "orders.orderproducts", "pk": 14, "fields": {"user": 1, "product_name": "Barley", "location": "Edo", "tracking_no": "Vatagro-165", "quantity": 1, "amount": 9000, "Transaction_date": "2022-05-18T10:08:24.181Z", "sold_by": "Dean", "status": "Awaiting Packaging", "is_approved": false}}, {"model": "orders.orderproducts", "pk": 15, "fields": {"user": 5, "product_name": "Pine-Nut", "location": "Ebonyi", "tracking_no": "Vatagro-119", "quantity": 2, "amount": 10000, "Transaction_date": "2022-05-18T19:36:34.486Z", "sold_by": "Sam", "status": "Awaiting Packaging", "is_approved": false}}, {"model": "orders.orderproducts", "pk": 16, "fields": {"user": 5, "product_name": "Coco-yam", "location": "Ebonyi", "tracking_no": "Vatagro-176", "quantity": 2, "amount": 20000, "Transaction_date": "2022-05-18T19:36:34.630Z", "sold_by": "Dean", "status": "Delivered", "is_approved": false}}, {"model": "orders.orderproducts", "pk": 17, "fields": {"user": 1, "product_name": "Rice", "location": "FCT - Abuja", "tracking_no": "Vatagro-188", "quantity": 1, "amount": 6000, "Transaction_date": "2022-05-18T19:38:09.253Z", "sold_by": "Dean", "status": "Awaiting Packaging", "is_approved": false}}, {"model": "orders.orderproducts", "pk": 18, "fields": {"user": 1, "product_name": "Pine-Nut", "location": "Ebonyi", "tracking_no": "Vatagro-177", "quantity": 1, "amount": 5000, "Transaction_date": "2022-05-18T19:38:09.329Z", "sold_by": "Sam", "status": "Awaiting Packaging", "is_approved": false}}, {"model": "orders.orderproducts", "pk": 19, "fields": {"user": 1, "product_name": "Tumeric", "location": "Ebonyi", "tracking_no": "Vatagro-190", "quantity": 1, "amount": 7500, "Transaction_date": "2022-05-18T19:38:09.411Z", "sold_by": "Sam", "status": "Awaiting Packaging", "is_approved": false}}, {"model": "orders.orderproducts", "pk": 20, "fields": {"user": 2, "product_name": "Pine-Nut", "location": "Ebonyi", "tracking_no": "Vatagro-194", "quantity": 2, "amount": 10000, "Transaction_date": "2022-05-21T08:16:23.393Z", "sold_by": "Sam", "status": "Awaiting Packaging", "is_approved": false}}, {"model": "orders.orderproducts", "pk": 21, "fields": {"user": 2, "product_name": "Coco-Yam", "location": "Ebonyi", "tracking_no": "Vatagro-176", "quantity": 3, "amount": 30000, "Transaction_date": "2022-05-21T08:16:23.667Z", "sold_by": "Dean", "status": "Awaiting Packaging", "is_approved": false}}, {"model": "orders.orderproducts", "pk": 22, "fields": {"user": 2, "product_name": "Thai-Rice", "location": "FCT - Abuja", "tracking_no": "Vatagro-120", "quantity": 1, "amount": 6000, "Transaction_date": "2022-05-21T08:16:23.826Z", "sold_by": "Dean", "status": "Awaiting Packaging", "is_approved": false}}, {"model": "orders.orderproducts", "pk": 23, "fields": {"user": 2, "product_name": "Pine-Nut", "location": "Ebonyi", "tracking_no": "Vatagro-136", "quantity": 2, "amount": 10000, "Transaction_date": "2022-05-21T08:18:45.505Z", "sold_by": "Sam", "status": "Awaiting Packaging", "is_approved": false}}, {"model": "orders.orderproducts", "pk": 24, "fields": {"user": 2, "product_name": "Coco-Yam", "location": "Ebonyi", "tracking_no": "Vatagro-195", "quantity": 3, "amount": 30000, "Transaction_date": "2022-05-21T08:18:46.221Z", "sold_by": "Dean", "status": "Awaiting Packaging", "is_approved": false}}, {"model": "orders.orderproducts", "pk": 25, "fields": {"user": 2, "product_name": "Thai-Rice", "location": "FCT - Abuja", "tracking_no": "Vatagro-119", "quantity": 1, "amount": 6000, "Transaction_date": "2022-05-21T08:18:46.783Z", "sold_by": "Dean", "status": "Awaiting Packaging", "is_approved": false}}, {"model": "orders.orderproducts", "pk": 26, "fields": {"user": 2, "product_name": "Pine-Nut", "location": "Ebonyi", "tracking_no": "Vatagro-148", "quantity": 2, "amount": 10000, "Transaction_date": "2022-05-21T08:19:17.235Z", "sold_by": "Sam", "status": "Awaiting Packaging", "is_approved": false}}, {"model": "orders.orderproducts", "pk": 27, "fields": {"user": 2, "product_name": "Coco-Yam", "location": "Ebonyi", "tracking_no": "Vatagro-123", "quantity": 3, "amount": 30000, "Transaction_date": "2022-05-21T08:19:17.366Z", "sold_by": "Dean", "status": "Awaiting Packaging", "is_approved": false}}, {"model": "orders.orderproducts", "pk": 28, "fields": {"user": 2, "product_name": "Thai-Rice", "location": "FCT - Abuja", "tracking_no": "Vatagro-136", "quantity": 1, "amount": 6000, "Transaction_date": "2022-05-21T08:19:17.451Z", "sold_by": "Dean", "status": "Awaiting Packaging", "is_approved": false}}, {"model": "orders.orderproducts", "pk": 29, "fields": {"user": 2, "product_name": "Pine-Nut", "location": "Ebonyi", "tracking_no": "Vatagro-135", "quantity": 2, "amount": 10000, "Transaction_date": "2022-05-21T08:47:41.071Z", "sold_by": "Sam", "status": "Awaiting Packaging", "is_approved": false}}, {"model": "orders.orderproducts", "pk": 30, "fields": {"user": 2, "product_name": "Coco-Yam", "location": "Ebonyi", "tracking_no": "Vatagro-125", "quantity": 3, "amount": 30000, "Transaction_date": "2022-05-21T08:47:41.237Z", "sold_by": "Dean", "status": "Awaiting Packaging", "is_approved": false}}, {"model": "orders.orderproducts", "pk": 31, "fields": {"user": 2, "product_name": "Thai-Rice", "location": "FCT - Abuja", "tracking_no": "Vatagro-170", "quantity": 1, "amount": 6000, "Transaction_date": "2022-05-21T08:47:41.321Z", "sold_by": "Dean", "status": "Awaiting Packaging", "is_approved": false}}, {"model": "orders.orderproducts", "pk": 32, "fields": {"user": 2, "product_name": "Pine-Nut", "location": "Ebonyi", "tracking_no": "Vatagro-140", "quantity": 2, "amount": 10000, "Transaction_date": "2022-05-21T08:51:55.164Z", "sold_by": "Sam", "status": "Awaiting Packaging", "is_approved": false}}, {"model": "orders.orderproducts", "pk": 33, "fields": {"user": 2, "product_name": "Coco-Yam", "location": "Ebonyi", "tracking_no": "Vatagro-127", "quantity": 3, "amount": 30000, "Transaction_date": "2022-05-21T08:51:55.340Z", "sold_by": "Dean", "status": "Awaiting Packaging", "is_approved": false}}, {"model": "orders.orderproducts", "pk": 34, "fields": {"user": 2, "product_name": "Thai-Rice", "location": "FCT - Abuja", "tracking_no": "Vatagro-103", "quantity": 1, "amount": 6000, "Transaction_date": "2022-05-21T08:51:55.419Z", "sold_by": "Dean", "status": "Awaiting Packaging", "is_approved": false}}, {"model": "orders.orderproducts", "pk": 35, "fields": {"user": 2, "product_name": "Pine-Nut", "location": "Ebonyi", "tracking_no": "Vatagro-176", "quantity": 2, "amount": 10000, "Transaction_date": "2022-05-21T10:22:53.191Z", "sold_by": "Sam", "status": "Awaiting Packaging", "is_approved": false}}, {"model": "orders.orderproducts", "pk": 36, "fields": {"user": 2, "product_name": "Coco-Yam", "location": "Ebonyi", "tracking_no": "Vatagro-118", "quantity": 3, "amount": 30000, "Transaction_date": "2022-05-21T10:22:54.281Z", "sold_by": "Dean", "status": "Awaiting Packaging", "is_approved": false}}, {"model": "orders.orderproducts", "pk": 37, "fields": {"user": 2, "product_name": "Thai-Rice", "location": "FCT - Abuja", "tracking_no": "Vatagro-163", "quantity": 1, "amount": 6000, "Transaction_date": "2022-05-21T10:22:54.913Z", "sold_by": "Dean", "status": "Awaiting Packaging", "is_approved": false}}, {"model": "orders.orderproducts", "pk": 38, "fields": {"user": 2, "product_name": "Pine-Nut", "location": "Ebonyi", "tracking_no": "Vatagro-159", "quantity": 2, "amount": 10000, "Transaction_date": "2022-05-21T10:45:13.497Z", "sold_by": "Sam", "status": "Awaiting Packaging", "is_approved": false}}, {"model": "orders.orderproducts", "pk": 39, "fields": {"user": 2, "product_name": "Coco-Yam", "location": "Ebonyi", "tracking_no": "Vatagro-105", "quantity": 3, "amount": 30000, "Transaction_date": "2022-05-21T10:45:13.675Z", "sold_by": "Dean", "status": "Awaiting Packaging", "is_approved": false}}, {"model": "orders.orderproducts", "pk": 40, "fields": {"user": 2, "product_name": "Thai-Rice", "location": "FCT - Abuja", "tracking_no": "Vatagro-135", "quantity": 1, "amount": 6000, "Transaction_date": "2022-05-21T10:45:13.753Z", "sold_by": "Dean", "status": "Awaiting Packaging", "is_approved": false}}, {"model": "orders.orderproducts", "pk": 41, "fields": {"user": 2, "product_name": "Pine-Nut", "location": "Ebonyi", "tracking_no": "Vatagro-139", "quantity": 2, "amount": 10000, "Transaction_date": "2022-05-21T10:46:50.360Z", "sold_by": "Sam", "status": "Awaiting Packaging", "is_approved": false}}, {"model": "orders.orderproducts", "pk": 42, "fields": {"user": 2, "product_name": "Coco-Yam", "location": "Ebonyi", "tracking_no": "Vatagro-131", "quantity": 3, "amount": 30000, "Transaction_date": "2022-05-21T10:46:50.774Z", "sold_by": "Dean", "status": "Awaiting Packaging", "is_approved": false}}, {"model": "orders.orderproducts", "pk": 43, "fields": {"user": 2, "product_name": "Thai-Rice", "location": "FCT - Abuja", "tracking_no": "Vatagro-110", "quantity": 1, "amount": 6000, "Transaction_date": "2022-05-21T10:46:50.850Z", "sold_by": "Dean", "status": "Awaiting Packaging", "is_approved": false}}, {"model": "orders.orderproducts", "pk": 44, "fields": {"user": 2, "product_name": "Pine-Nut", "location": "Ebonyi", "tracking_no": "Vatagro-165", "quantity": 2, "amount": 10000, "Transaction_date": "2022-05-21T12:45:16.619Z", "sold_by": "Sam", "status": "Awaiting Packaging", "is_approved": false}}, {"model": "orders.orderproducts", "pk": 45, "fields": {"user": 2, "product_name": "Coco-Yam", "location": "Ebonyi", "tracking_no": "Vatagro-155", "quantity": 3, "amount": 30000, "Transaction_date": "2022-05-21T12:45:16.792Z", "sold_by": "Dean", "status": "Awaiting Packaging", "is_approved": false}}, {"model": "orders.orderproducts", "pk": 46, "fields": {"user": 2, "product_name": "Thai-Rice", "location": "FCT - Abuja", "tracking_no": "Vatagro-120", "quantity": 1, "amount": 6000, "Transaction_date": "2022-05-21T12:45:16.863Z", "sold_by": "Dean", "status": "Awaiting Packaging", "is_approved": false}}, {"model": "orders.orderproducts", "pk": 47, "fields": {"user": 2, "product_name": "Pine-Nut", "location": "Ebonyi", "tracking_no": "Vatagro-116", "quantity": 2, "amount": 10000, "Transaction_date": "2022-05-21T12:45:44.285Z", "sold_by": "Sam", "status": "Awaiting Packaging", "is_approved": false}}, {"model": "orders.orderproducts", "pk": 48, "fields": {"user": 2, "product_name": "Coco-Yam", "location": "Ebonyi", "tracking_no": "Vatagro-149", "quantity": 3, "amount": 30000, "Transaction_date": "2022-05-21T12:45:44.902Z", "sold_by": "Dean", "status": "Awaiting Packaging", "is_approved": false}}, {"model": "orders.orderproducts", "pk": 49, "fields": {"user": 2, "product_name": "Thai-Rice", "location": "FCT - Abuja", "tracking_no": "Vatagro-160", "quantity": 1, "amount": 6000, "Transaction_date": "2022-05-21T12:45:45.518Z", "sold_by": "Dean", "status": "Awaiting Packaging", "is_approved": false}}, {"model": "orders.orderproducts", "pk": 50, "fields": {"user": 2, "product_name": "Pine-Nut", "location": "Ebonyi", "tracking_no": "Vatagro-121", "quantity": 2, "amount": 10000, "Transaction_date": "2022-05-21T13:30:34.323Z", "sold_by": "Sam", "status": "Awaiting Packaging", "is_approved": false}}, {"model": "orders.orderproducts", "pk": 51, "fields": {"user": 2, "product_name": "Coco-Yam", "location": "Ebonyi", "tracking_no": "Vatagro-100", "quantity": 3, "amount": 30000, "Transaction_date": "2022-05-21T13:30:34.502Z", "sold_by": "Dean", "status": "Awaiting Packaging", "is_approved": false}}, {"model": "orders.orderproducts", "pk": 52, "fields": {"user": 2, "product_name": "Thai-Rice", "location": "FCT - Abuja", "tracking_no": "Vatagro-158", "quantity": 1, "amount": 6000, "Transaction_date": "2022-05-21T13:30:34.573Z", "sold_by": "Dean", "status": "Awaiting Packaging", "is_approved": false}}, {"model": "orders.orderproducts", "pk": 53, "fields": {"user": 2, "product_name": "Pine-Nut", "location": "Ebonyi", "tracking_no": "Vatagro-167", "quantity": 2, "amount": 10000, "Transaction_date": "2022-05-21T13:33:38.063Z", "sold_by": "Sam", "status": "Awaiting Packaging", "is_approved": false}}, {"model": "orders.orderproducts", "pk": 54, "fields": {"user": 2, "product_name": "Coco-Yam", "location": "Ebonyi", "tracking_no": "Vatagro-154", "quantity": 3, "amount": 30000, "Transaction_date": "2022-05-21T13:33:38.227Z", "sold_by": "Dean", "status": "Awaiting Packaging", "is_approved": false}}, {"model": "orders.orderproducts", "pk": 55, "fields": {"user": 2, "product_name": "Thai-Rice", "location": "FCT - Abuja", "tracking_no": "Vatagro-164", "quantity": 1, "amount": 6000, "Transaction_date": "2022-05-21T13:33:38.294Z", "sold_by": "Dean", "status": "Awaiting Packaging", "is_approved": false}}, {"model": "orders.orderproducts", "pk": 56, "fields": {"user": 2, "product_name": "Pine-Nut", "location": "Ebonyi", "tracking_no": "Vatagro-112", "quantity": 2, "amount": 10000, "Transaction_date": "2022-05-21T13:42:33.722Z", "sold_by": "Sam", "status": "Awaiting Packaging", "is_approved": false}}, {"model": "orders.orderproducts", "pk": 57, "fields": {"user": 2, "product_name": "Coco-Yam", "location": "Ebonyi", "tracking_no": "Vatagro-113", "quantity": 3, "amount": 30000, "Transaction_date": "2022-05-21T13:42:34.091Z", "sold_by": "Dean", "status": "Awaiting Packaging", "is_approved": false}}, {"model": "orders.orderproducts", "pk": 58, "fields": {"user": 2, "product_name": "Thai-Rice", "location": "FCT - Abuja", "tracking_no": "Vatagro-199", "quantity": 1, "amount": 6000, "Transaction_date": "2022-05-21T13:42:34.638Z", "sold_by": "Dean", "status": "Awaiting Packaging", "is_approved": false}}, {"model": "orders.orderproducts", "pk": 59, "fields": {"user": 2, "product_name": "Pine-Nut", "location": "Ebonyi", "tracking_no": "Vatagro-107", "quantity": 2, "amount": 10000, "Transaction_date": "2022-05-21T13:43:05.477Z", "sold_by": "Sam", "status": "Awaiting Packaging", "is_approved": false}}, {"model": "orders.orderproducts", "pk": 60, "fields": {"user": 2, "product_name": "Coco-Yam", "location": "Ebonyi", "tracking_no": "Vatagro-165", "quantity": 3, "amount": 30000, "Transaction_date": "2022-05-21T13:43:07.691Z", "sold_by": "Dean", "status": "Awaiting Packaging", "is_approved": false}}, {"model": "orders.orderproducts", "pk": 61, "fields": {"user": 2, "product_name": "Thai-Rice", "location": "FCT - Abuja", "tracking_no": "Vatagro-121", "quantity": 1, "amount": 6000, "Transaction_date": "2022-05-21T13:43:09.115Z", "sold_by": "Dean", "status": "Awaiting Packaging", "is_approved": false}}, {"model": "orders.orderproducts", "pk": 62, "fields": {"user": 2, "product_name": "Pine-Nut", "location": "Ebonyi", "tracking_no": "Vatagro-129", "quantity": 2, "amount": 10000, "Transaction_date": "2022-05-21T13:43:29.774Z", "sold_by": "Sam", "status": "Awaiting Packaging", "is_approved": false}}, {"model": "orders.orderproducts", "pk": 63, "fields": {"user": 2, "product_name": "Coco-Yam", "location": "Ebonyi", "tracking_no": "Vatagro-125", "quantity": 3, "amount": 30000, "Transaction_date": "2022-05-21T13:43:29.977Z", "sold_by": "Dean", "status": "Awaiting Packaging", "is_approved": false}}, {"model": "orders.orderproducts", "pk": 64, "fields": {"user": 2, "product_name": "Thai-Rice", "location": "FCT - Abuja", "tracking_no": "Vatagro-135", "quantity": 1, "amount": 6000, "Transaction_date": "2022-05-21T13:43:30.132Z", "sold_by": "Dean", "status": "Awaiting Packaging", "is_approved": false}}, {"model": "orders.orderproducts", "pk": 65, "fields": {"user": 2, "product_name": "Pine-Nut", "location": "Ebonyi", "tracking_no": "Vatagro-191", "quantity": 2, "amount": 10000, "Transaction_date": "2022-05-21T13:49:10.025Z", "sold_by": "Sam", "status": "Awaiting Packaging", "is_approved": false}}, {"model": "orders.orderproducts", "pk": 66, "fields": {"user": 2, "product_name": "Coco-Yam", "location": "Ebonyi", "tracking_no": "Vatagro-115", "quantity": 3, "amount": 30000, "Transaction_date": "2022-05-21T13:49:11.865Z", "sold_by": "Dean", "status": "Awaiting Packaging", "is_approved": false}}, {"model": "orders.orderproducts", "pk": 67, "fields": {"user": 2, "product_name": "Thai-Rice", "location": "FCT - Abuja", "tracking_no": "Vatagro-111", "quantity": 1, "amount": 6000, "Transaction_date": "2022-05-21T13:49:12.293Z", "sold_by": "Dean", "status": "Awaiting Packaging", "is_approved": false}}, {"model": "orders.reviewrating", "pk": 1, "fields": {"product": 1, "user": 4, "subject": "", "review": "Thick and cheap like oatmeal from thailand", "rating": 1.5, "status": true, "created_date": "2022-05-16T14:55:01.292Z", "update_at": "2022-05-16T17:25:24.612Z"}}, {"model": "orders.reviewrating", "pk": 2, "fields": {"product": 1, "user": 5, "subject": "", "review": "Best rice Product In Town", "rating": 0.5, "status": true, "created_date": "2022-05-16T15:26:53.164Z", "update_at": "2022-05-16T17:25:40.709Z"}}, {"model": "orders.reviewrating", "pk": 3, "fields": {"product": 1, "user": 2, "subject": "", "review": "correct guy", "rating": 0.5, "status": true, "created_date": "2022-05-16T17:21:29.936Z", "update_at": "2022-05-16T17:25:53.192Z"}}, {"model": "orders.reviewrating", "pk": 4, "fields": {"product": 3, "user": 1, "subject": "", "review": "Delivered on time", "rating": 5.0, "status": true, "created_date": "2022-05-16T17:49:57.382Z", "update_at": "2022-05-16T17:49:57.382Z"}}]